dateposted,employment,job_overview,name,salary,url_
,,,Web & Graphics Designer,,https://www.onlinejobs.ph/jobseekers/job/298941
,,,Marketing Growth Hacker VA (Flexible Hours),,https://www.onlinejobs.ph/jobseekers/job/299010
,,,shopify expert,,https://www.onlinejobs.ph/jobseekers/job/298917
,,,FULL STACK DEVELOPER,,https://www.onlinejobs.ph/jobseekers/job/298848
,,,SYSTEMS ADMINISTRATOR,,https://www.onlinejobs.ph/jobseekers/job/298854
,,,Japanese Bilingual Bridge System Engineer - N2,,https://www.onlinejobs.ph/jobseekers/job/298894
,,,"If You are a Creative and Hardworking WordPress Developer, We are Looking for You!",,https://www.onlinejobs.ph/jobseekers/job/298997
,,,Amazon / Linnworks / IT / eCommerce Listing Assistant - IT and HTML,,https://www.onlinejobs.ph/jobseekers/job/298974
,,,Website Wordpress and woocommerce - 2 xSites,,https://www.onlinejobs.ph/jobseekers/job/298781
,,,JAVASCRIPT FOR GOOGLE SHEETS SCRIPTS,,https://www.onlinejobs.ph/jobseekers/job/298751
,,,[Seeking Website Designer],,https://www.onlinejobs.ph/jobseekers/job/298985
,,,***SHOPIFY DEVELOPER - Start ASAP***,,https://www.onlinejobs.ph/jobseekers/job/298989
,,,Look here! ***SHOPIFY DEVELOPER*** Start ASAP,,https://www.onlinejobs.ph/jobseekers/job/298988
,,,Email Marketing Promotions Manager,,https://www.onlinejobs.ph/jobseekers/job/298859
,,,Facebook ad specialist for lead generation agency!,,https://www.onlinejobs.ph/jobseekers/job/298850
,,,Looking For - QA / Automation Testing,,https://www.onlinejobs.ph/jobseekers/job/83010
,,,Senior Ionic / Mobile Developer With Laravel Experience,,https://www.onlinejobs.ph/jobseekers/job/298895
,,,iOS Developers Wanted,,https://www.onlinejobs.ph/jobseekers/job/298327
,,,UI/UX Graphic & Web Designer,,https://www.onlinejobs.ph/jobseekers/job/298696
,,,Wordpress Developer,,https://www.onlinejobs.ph/jobseekers/job/298740
,,,Assistant Project Manager needed,,https://www.onlinejobs.ph/jobseekers/job/298759
,,,Virtual Assistant and Project Coordinator,,https://www.onlinejobs.ph/jobseekers/job/298699
,,,WordPress Wizard / Personal Assistant,,https://www.onlinejobs.ph/jobseekers/job/298313
,,,Rockstar Virtual Assistant Needed,,https://www.onlinejobs.ph/jobseekers/job/298298
,,,amazon service,,https://www.onlinejobs.ph/jobseekers/job/298251
,,,Frontend React Developer Role,,https://www.onlinejobs.ph/jobseekers/job/298305
,,,General VA: Processing orders/sales support role (work from home),,https://www.onlinejobs.ph/jobseekers/job/298714
,,,Full Time Engineer/Developer To Expand Existing Software Platform Laravel/PHP,,https://www.onlinejobs.ph/jobseekers/job/298763
,,,Accountant for Logistics Company,,https://www.onlinejobs.ph/jobseekers/job/298478
,,,3D CAD Kitchen Designer,,https://www.onlinejobs.ph/jobseekers/job/298727
,,,"VA for Researching, Writing, and Customer Support. WordPress/ Design Experience a big plus",,https://www.onlinejobs.ph/jobseekers/job/298797
,,,*** Experienced Full Time Virtual Assistant Needed ASAP ***,,https://www.onlinejobs.ph/jobseekers/job/298846
,,,Data Analyst needed! POWER BI Experience a MUST,,https://www.onlinejobs.ph/jobseekers/job/293781
,,,Lead Project & Process Manager,,https://www.onlinejobs.ph/jobseekers/job/298571
,,,Buyers Assistant,,https://www.onlinejobs.ph/jobseekers/job/298815
,,,Looking For A Kick Ass Virtual Assistant To Hire ASAP!,,https://www.onlinejobs.ph/jobseekers/job/298847
,,,Graphic Designer/Lead Generation Specialist/Social Media Manager,,https://www.onlinejobs.ph/jobseekers/job/298760
,,,Sales Person,,https://www.onlinejobs.ph/jobseekers/job/298958
,,,Comfortable making calls??? Real Estate Investor Seeking...,,https://www.onlinejobs.ph/jobseekers/job/298830
,,,Email Marketer with lead Generation Experience,,https://www.onlinejobs.ph/jobseekers/job/298968
,,,Pre-Construction Estimating and Purchasing Associate,,https://www.onlinejobs.ph/jobseekers/job/299021
,,,"Marketing Executive - join the family (once you are in, you will never want to leave)",,https://www.onlinejobs.ph/jobseekers/job/233482
,,,Web design and email marketing design using mailchimp,,https://www.onlinejobs.ph/jobseekers/job/298356
,,,(Amazon Wholesale) product sourcer VA,,https://www.onlinejobs.ph/jobseekers/job/298378
,,,create uber app lookalike,,https://www.onlinejobs.ph/jobseekers/job/298448
,,,Personal Virtual Assistant,,https://www.onlinejobs.ph/jobseekers/job/298191
,,,Full time iOS Developer Needed- Home Base,,https://www.onlinejobs.ph/jobseekers/job/258241
,,,Mac App Developer,,https://www.onlinejobs.ph/jobseekers/job/298393
,,,Backend Python django/django rest framewokr developer required,,https://www.onlinejobs.ph/jobseekers/job/298488
,,,Quality Assurance Testers Wanted,,https://www.onlinejobs.ph/jobseekers/job/298476
,,,Trainee .Net,,https://www.onlinejobs.ph/jobseekers/job/298610
,,,Web app developer,,https://www.onlinejobs.ph/jobseekers/job/298371
,,,Web developer,,https://www.onlinejobs.ph/jobseekers/job/298633
,,,Program to use CSV file to populate sell price of item,,https://www.onlinejobs.ph/jobseekers/job/298530
,,,Mobile IOS/Android Developer For Healthcare Application,,https://www.onlinejobs.ph/jobseekers/job/298785
,,,Cyber Security Assistant,,https://www.onlinejobs.ph/jobseekers/job/298477
,,,Davao Office-Based Expert PHP Developer Wanted for USA owned Company (night shift needed),,https://www.onlinejobs.ph/jobseekers/job/298688
,,,Full Stack Developer,,https://www.onlinejobs.ph/jobseekers/job/265257
,,,Web developer,,https://www.onlinejobs.ph/jobseekers/job/298524
,,,Unity developer,,https://www.onlinejobs.ph/jobseekers/job/298392
,,,Looking for a virtual assistant/developer,,https://www.onlinejobs.ph/jobseekers/job/298509
,,,Software Developer For Custom Cabinet Company,,https://www.onlinejobs.ph/jobseekers/job/298728
,,,Freelance Web Application and Mobile App developer,,https://www.onlinejobs.ph/jobseekers/job/293816
,,,Amazon Product Sourcer,,https://www.onlinejobs.ph/jobseekers/job/298819
,,,Long-term project mgmt; Atlassian (Jira/Service desk/Confluence) setup+maint.; Cont. business process optimization,,https://www.onlinejobs.ph/jobseekers/job/298984
,,,Web and Mobile UX / UI Design,,https://www.onlinejobs.ph/jobseekers/job/298795
,,,Brand Visual Identity,,https://www.onlinejobs.ph/jobseekers/job/298878
,,,Intermediate to Senior Level PHP Object Oriented Developer NEEDED!,,https://www.onlinejobs.ph/jobseekers/job/86650
,,,SEO Department Head - Homebased,,https://www.onlinejobs.ph/jobseekers/job/298887
,,,Web Developer,,https://www.onlinejobs.ph/jobseekers/job/298889
,,,ARE YOU AN AWESOME FULL STACK DEV? FULL TIME - OFFICE-BASED OFFER????????,,https://www.onlinejobs.ph/jobseekers/job/25808
,,,"Full Time PHP Developer *** P50,000 per month ***",,https://www.onlinejobs.ph/jobseekers/job/298897
,,,URGENT:   Shopify Web / Graphic Designer EXPERT,,https://www.onlinejobs.ph/jobseekers/job/298909
,,,VA needed for Microsoft Office work / Excel,,https://www.onlinejobs.ph/jobseekers/job/298864
,,,Wordpress Developer,,https://www.onlinejobs.ph/jobseekers/job/298836
,,,WANTED:  Rock Star VA - Detail Oriented that knows the online sales market,,https://www.onlinejobs.ph/jobseekers/job/177984
,,,"**URGENT HIRING**  Expert PHP Programmer, PHP Developer for Software Company",,https://www.onlinejobs.ph/jobseekers/job/298971
,,,word press whiz kid,,https://www.onlinejobs.ph/jobseekers/job/298982
,,,Are you great at looking up information and imputing it into a system?,,https://www.onlinejobs.ph/jobseekers/job/298807
,,,Digital Marketing Expert with Graphic Design Skills,,https://www.onlinejobs.ph/jobseekers/job/298921
,,,Developer / IT Professional,,https://www.onlinejobs.ph/jobseekers/job/298976
